{"cameraMode":{"drawMode":0,"name":"Shaded","section":"Shading Mode"},"sceneLighting":false,"audioPlay":false,"sceneViewState":{"showFog":true,"showMaterialUpdate":true,"showSkybox":true,"showFlares":true,"showImageEffects":true,"showParticleSystems":true},"in2DMode":false,"pivot":{"x":-1.3118717670440674,"y":3.981435775756836,"z":-25.754959106445314},"rotation":{"x":0.12113607674837113,"y":-0.803433895111084,"z":0.17502915859222413,"w":0.5560489296913147},"size":19.150236129760743,"orthographic":false}