{"cameraMode":{"drawMode":0,"name":"Shaded","section":"Shading Mode"},"sceneLighting":false,"audioPlay":false,"sceneViewState":{"showFog":true,"showMaterialUpdate":true,"showSkybox":true,"showFlares":true,"showImageEffects":true,"showParticleSystems":true},"in2DMode":false,"pivot":{"x":-6.9296875,"y":2.76743221282959,"z":-9.253751754760743},"rotation":{"x":0.12113607674837113,"y":-0.803433895111084,"z":0.17502915859222413,"w":0.5560489296913147},"size":10.843292236328125,"orthographic":false}