{"cameraMode":{"drawMode":0,"name":"Shaded","section":"Shading Mode"},"sceneLighting":false,"audioPlay":false,"sceneViewState":{"showFog":true,"showMaterialUpdate":true,"showSkybox":false,"showFlares":true,"showImageEffects":true,"showParticleSystems":true},"in2DMode":false,"pivot":{"x":0.012942060828208924,"y":0.8766720294952393,"z":0.02103063464164734},"rotation":{"x":0.12113607674837113,"y":-0.803433895111084,"z":0.17502915859222413,"w":0.5560489296913147},"size":0.7469081282615662,"orthographic":false}