{"cameraMode":{"drawMode":0,"name":"Shaded","section":"Shading Mode"},"sceneLighting":false,"audioPlay":false,"sceneViewState":{"showFog":true,"showMaterialUpdate":true,"showSkybox":true,"showFlares":true,"showImageEffects":true,"showParticleSystems":true},"in2DMode":false,"pivot":{"x":-0.5367908477783203,"y":3.8749752044677736,"z":-12.42753791809082},"rotation":{"x":-0.02103343792259693,"y":-0.9496612548828125,"z":0.3056674897670746,"w":-0.06534851342439652},"size":12.528885841369629,"orthographic":false}