{"cameraMode":{"drawMode":0,"name":"Shaded","section":"Shading Mode"},"sceneLighting":false,"audioPlay":false,"sceneViewState":{"showFog":true,"showMaterialUpdate":true,"showSkybox":false,"showFlares":true,"showImageEffects":true,"showParticleSystems":true},"in2DMode":false,"pivot":{"x":-0.5217971205711365,"y":1.7272635698318482,"z":-0.15573668479919434},"rotation":{"x":0.007887020707130432,"y":-0.9650688767433167,"z":0.2602440118789673,"w":0.02924656867980957},"size":2.303658962249756,"orthographic":false}