{"cameraMode":{"drawMode":0,"name":"Shaded","section":"Shading Mode"},"sceneLighting":false,"audioPlay":false,"sceneViewState":{"showFog":true,"showMaterialUpdate":true,"showSkybox":true,"showFlares":true,"showImageEffects":true,"showParticleSystems":true},"in2DMode":false,"pivot":{"x":2.0419788360595705,"y":3.6243886947631838,"z":-1.7304542064666749},"rotation":{"x":-0.21436826884746552,"y":0.6482415795326233,"z":-0.1975521594285965,"w":-0.7034214735031128},"size":35.840362548828128,"orthographic":false}