{"cameraMode":{"drawMode":0,"name":"Shaded","section":"Shading Mode"},"sceneLighting":false,"audioPlay":false,"sceneViewState":{"showFog":true,"showMaterialUpdate":true,"showSkybox":false,"showFlares":true,"showImageEffects":true,"showParticleSystems":true},"in2DMode":false,"pivot":{"x":-0.5999398231506348,"y":-0.7122489213943481,"z":1.2738540172576905},"rotation":{"x":-0.07372790575027466,"y":0.8043877482414246,"z":-0.1021457388997078,"w":-0.5805968046188355},"size":0.8660253882408142,"orthographic":false}