{"cameraMode":{"drawMode":0,"name":"Shaded","section":"Shading Mode"},"sceneLighting":false,"audioPlay":false,"sceneViewState":{"showFog":true,"showMaterialUpdate":true,"showSkybox":true,"showFlares":true,"showImageEffects":true,"showParticleSystems":true},"in2DMode":false,"pivot":{"x":0.05795097351074219,"y":-0.09168803691864014,"z":-1.1201655864715577},"rotation":{"x":-0.07372790575027466,"y":0.8043877482414246,"z":-0.1021457388997078,"w":-0.5805968046188355},"size":3.6073946952819826,"orthographic":false}