{"cameraMode":{"drawMode":0,"name":"Shaded","section":"Shading Mode"},"sceneLighting":false,"audioPlay":false,"sceneViewState":{"showFog":true,"showMaterialUpdate":true,"showSkybox":false,"showFlares":true,"showImageEffects":true,"showParticleSystems":true},"in2DMode":false,"pivot":{"x":-2.886176347732544,"y":557.8621826171875,"z":11.856217384338379},"rotation":{"x":-0.01072272565215826,"y":0.9515948295593262,"z":-0.3053469657897949,"w":-0.03341621905565262},"size":2.688220977783203,"orthographic":false}