{"cameraMode":{"drawMode":0,"name":"Shaded","section":"Shading Mode"},"sceneLighting":false,"audioPlay":false,"sceneViewState":{"showFog":true,"showMaterialUpdate":true,"showSkybox":false,"showFlares":true,"showImageEffects":true,"showParticleSystems":true},"in2DMode":false,"pivot":{"x":0.6631681323051453,"y":-1.8492274284362794,"z":0.9322081208229065},"rotation":{"x":0.6143016219139099,"y":0.0011835022596642376,"z":-0.0009213794255629182,"w":0.7890721559524536},"size":2.9184985160827638,"orthographic":false}