{"cameraMode":{"drawMode":0,"name":"Shaded","section":"Shading Mode"},"sceneLighting":false,"audioPlay":false,"sceneViewState":{"showFog":true,"showMaterialUpdate":true,"showSkybox":false,"showFlares":true,"showImageEffects":true,"showParticleSystems":true},"in2DMode":false,"pivot":{"x":-0.050000011920928958,"y":1.6999999284744263,"z":-0.1499999761581421},"rotation":{"x":-0.009211014024913311,"y":0.7310124635696411,"z":0.009868697263300419,"w":0.6822349429130554},"size":2.4071874618530275,"orthographic":true}