{"cameraMode":{"drawMode":0,"name":"Shaded","section":"Shading Mode"},"sceneLighting":false,"audioPlay":false,"sceneViewState":{"showFog":true,"showMaterialUpdate":true,"showSkybox":false,"showFlares":true,"showImageEffects":true,"showParticleSystems":true},"in2DMode":false,"pivot":{"x":1.8761224746704102,"y":-3.7065505981445314,"z":12.628971099853516},"rotation":{"x":-0.41561654210090639,"y":0.3784129321575165,"z":-0.19571396708488465,"w":-0.8035953640937805},"size":10.0,"orthographic":false}