{"cameraMode":{"drawMode":0,"name":"Shaded","section":"Shading Mode"},"sceneLighting":false,"audioPlay":false,"sceneViewState":{"showFog":true,"showMaterialUpdate":true,"showSkybox":true,"showFlares":true,"showImageEffects":true,"showParticleSystems":true},"in2DMode":false,"pivot":{"x":3.2409722805023195,"y":-2.324230670928955,"z":4.266424655914307},"rotation":{"x":-0.27962496876716616,"y":0.02506961300969124,"z":-0.007292633410543203,"w":-0.959762692451477},"size":9.224554061889649,"orthographic":false}