{"cameraMode":{"drawMode":0,"name":"Shaded","section":"Shading Mode"},"sceneLighting":false,"audioPlay":false,"sceneViewState":{"showFog":true,"showMaterialUpdate":true,"showSkybox":false,"showFlares":true,"showImageEffects":true,"showParticleSystems":true},"in2DMode":false,"pivot":{"x":0.249591663479805,"y":-0.5830209255218506,"z":-0.13959836959838868},"rotation":{"x":0.4053065776824951,"y":-0.0013794128317385913,"z":0.0006044054171070457,"w":0.9141901731491089},"size":3.007394790649414,"orthographic":false}