{"cameraMode":{"drawMode":0,"name":"Shaded","section":"Shading Mode"},"sceneLighting":false,"audioPlay":false,"sceneViewState":{"showFog":true,"showMaterialUpdate":true,"showSkybox":false,"showFlares":true,"showImageEffects":true,"showParticleSystems":true},"in2DMode":false,"pivot":{"x":-0.2658815383911133,"y":-1.0287656784057618,"z":0.29807519912719729},"rotation":{"x":0.3393264710903168,"y":-0.18455305695533753,"z":0.06807906180620194,"w":0.9198731780052185},"size":10.0,"orthographic":true}