{"cameraMode":{"drawMode":0,"name":"Shaded","section":"Shading Mode"},"sceneLighting":false,"audioPlay":false,"sceneViewState":{"showFog":true,"showMaterialUpdate":true,"showSkybox":true,"showFlares":true,"showImageEffects":true,"showParticleSystems":true},"in2DMode":false,"pivot":{"x":2.352675676345825,"y":5.160427093505859,"z":6.588134765625},"rotation":{"x":0.29826071858406069,"y":-0.07720392197370529,"z":0.024212105199694635,"w":0.9510490298271179},"size":14.049551963806153,"orthographic":false}