{"cameraMode":{"drawMode":0,"name":"Shaded","section":"Shading Mode"},"sceneLighting":false,"audioPlay":false,"sceneViewState":{"showFog":true,"showMaterialUpdate":true,"showSkybox":true,"showFlares":true,"showImageEffects":true,"showParticleSystems":true},"in2DMode":false,"pivot":{"x":-43.32007598876953,"y":-129.29714965820313,"z":74.77835083007813},"rotation":{"x":-0.4192694127559662,"y":0.06445714086294174,"z":-0.029859498143196107,"w":-0.9050801992416382},"size":146.9902801513672,"orthographic":false}